Фамилия,Имя,Отчество,Название огранизации,Телефон (рабочий),Телефон (личный - сотовый)
Уранов,Валерий,Альбертович,Кубань Экспорт,506323,89111111111
Фика,Герман,Анатольевич,Кузбас Экспорт,606323,89111111122
Гуязов,Николай,Витальевич,Москва Импорт,776323,89133111123
Гусев,Владислав,Александрович,Кубань Экспорт,506323,89111115111
Голубева,Дарина,Марковна,Москва Импорт,606323,89111141122
Кудряшова,Марьям,Ивановна,Кубань Экспорт,776323,89133111311
Давыдов,Руслан,Максимович,Кубань Экспорт,506323,891171111111
Белов,Артём,Макарович,Москва Импорт,606323,89111113122
Куприянова,Варвара,Владиславовна,Кубань Экспорт,776323,89133111111
Захаров,Фёдор,Елисеевич,Кубань Экспорт,506323,89111121111
Михайлова,Анастасия,Георгиевна,Кузбас Экспорт,606323,89111511122
Морозова,Лэйла,Константиновна,Кубань Экспорт,776323,89133631111
Галкина,Татьяна,Георгиевна,Кубань Экспорт,506323,89121111111
Виноградова,Варвара,Ивановна,Кузбас Экспорт,606323,89111711122
Осипов,Алексей,Давидович,Кубань Экспорт,776323,8913311121111
Рыжова,Амира,Дмитриевна,Москва Импорт,506323,89311111111
Суслов,Игорь,Егорович,Кузбас Экспорт,606323,89111631122
Степанова,Елизавета,Кирилловна,Питер Экспорт,776323,89133121111
Ахринян,Алиса,Ивановна,Кубань Экспорт,506323,89123111111
Ковалева,Екатерина,Андреевна,Кузбас Экспорт,606323,89116611122
Бронко,Мирослава,Тимуровна,Питер Экспорт,776323,891331561111
Воробьев,Богдан,Серафимович,Кубань Экспорт,506323,89111271111
Горелова,Виктория,Марковна,Кузбас Экспорт,606323,89111134122
Анисимова,Ирина,Евгеньевна,Питер Экспорт,776323,89133115111
Уваров,Александр,Фёдорович,Кубань Экспорт,506323,89161111111
Зубкова,Мария,Александровна,Кузбас Экспорт,606323,89111111722
Агафонова,Варвара,Мироновна,Кубань Экспорт,776323,89133811111
Щеглова,Елизавета,Максимовна,Питер Экспорт,506323,89191111111
Кожевников,Роберт,Елисеевич,Кузбас Экспорт,606323,89111111022
Волкова,Анна,Михайловна,Кубань Экспорт,776323,89136111111
Макарова,Елизавета,Данииловна,Питер Экспорт,506323,89611114111
Сидоров,Артемий,Егорович,Питер Экспорт,606323,89111114122
Ефремова,Алёна,Александровна,Кубань Экспорт,776323,89133111111
Иванов,Сергей,Денисович,Кубань Экспорт,776323,89133131111
Бронко,Григорий,Д,Смоленск Экспорт,432044,84443445657
Фаргунин,Иосиф,Венесович,Купидон,8911123432,89123442344
